/*
Navicat MySQL Data Transfer

Source Server         : localhost_3306
Source Server Version : 50611
Source Host           : localhost:3306
Source Database       : eshop

Target Server Type    : MYSQL
Target Server Version : 50611
File Encoding         : 65001

Date: 2015-12-03 10:43:10
*/

SET FOREIGN_KEY_CHECKS=0;

-- ----------------------------
-- Table structure for admin
-- ----------------------------
DROP TABLE IF EXISTS `admin`;
CREATE TABLE `admin` (
  `id` int(11) NOT NULL AUTO_INCREMENT,
  `username` varchar(15) DEFAULT NULL,
  `password` varchar(15) DEFAULT NULL,
  `level` varchar(50) DEFAULT NULL,
  PRIMARY KEY (`id`)
) ENGINE=InnoDB AUTO_INCREMENT=6 DEFAULT CHARSET=gb2312;

-- ----------------------------
-- Records of admin
-- ----------------------------
INSERT INTO `admin` VALUES ('1', 'peter', 'peter', 'admin');
INSERT INTO `admin` VALUES ('2', '阿P', 'a1981', 'category');
INSERT INTO `admin` VALUES ('3', 'jiajia', 'jiajia', 'product');
INSERT INTO `admin` VALUES ('4', 'pzz', 'pzz123', 'order');
INSERT INTO `admin` VALUES ('5', 'wxf', 'wxf321', 'advertise');

-- ----------------------------
-- Table structure for advertise
-- ----------------------------
DROP TABLE IF EXISTS `advertise`;
CREATE TABLE `advertise` (
  `id` int(11) NOT NULL AUTO_INCREMENT,
  `img` varchar(50) DEFAULT NULL,
  `url` varchar(100) DEFAULT NULL,
  `alt` varchar(255) DEFAULT NULL,
  `notes` longtext,
  `date` timestamp NOT NULL DEFAULT CURRENT_TIMESTAMP ON UPDATE CURRENT_TIMESTAMP,
  `clickedCount` int(11) DEFAULT NULL,
  PRIMARY KEY (`id`)
) ENGINE=InnoDB AUTO_INCREMENT=16 DEFAULT CHARSET=gb2312;

-- ----------------------------
-- Records of advertise
-- ----------------------------
INSERT INTO `advertise` VALUES ('11', 'banner3.gif', 'http://monshow.com/', '建站同盟', '建站同盟', '2001-11-20 09:15:31', '8');
INSERT INTO `advertise` VALUES ('12', 'banner2.gif', 'http://www.fans8.com', '.:: 狂迷俱乐部 ::.', '.:: UltraDev狂迷 ::.\r\n.:: Flash狂迷 ::.\r\n.:: FireWorks狂迷 ::.', '2001-11-20 09:19:04', '10');
INSERT INTO `advertise` VALUES ('13', 'fans8.gif', 'http://www.fans8.com', 'www.fans8.com', 'www.fans8.com', '2001-11-20 09:23:07', '9');
INSERT INTO `advertise` VALUES ('14', 'banner1.gif', 'http://www.a1981.com', null, null, '2001-11-20 09:53:57', '8');
INSERT INTO `advertise` VALUES ('15', 'banner4.gif', 'http://www.a1981.com', '@1981', 'A1981', '2001-11-20 10:06:21', '6');

-- ----------------------------
-- Table structure for category
-- ----------------------------
DROP TABLE IF EXISTS `category`;
CREATE TABLE `category` (
  `id` int(11) NOT NULL AUTO_INCREMENT,
  `name` varchar(50) DEFAULT NULL,
  `description` varchar(200) DEFAULT NULL,
  `bigImg` varchar(20) DEFAULT NULL,
  `style` varchar(100) DEFAULT NULL,
  `smallImg` varchar(20) DEFAULT NULL,
  PRIMARY KEY (`id`)
) ENGINE=InnoDB AUTO_INCREMENT=4 DEFAULT CHARSET=gb2312;

-- ----------------------------
-- Records of category
-- ----------------------------
INSERT INTO `category` VALUES ('1', '图书商城', '尚无描述', 'bookcity.jpg', 'category1.css', 'shop_book.gif');
INSERT INTO `category` VALUES ('2', '影视商城', '尚无描述', 'moviecity.jpg', 'category2.css', 'shop_video.gif');
INSERT INTO `category` VALUES ('3', '音乐商城', '尚无描述', 'musiccity.jpg', 'category3.css', 'shop_music.gif');

-- ----------------------------
-- Table structure for counter
-- ----------------------------
DROP TABLE IF EXISTS `counter`;
CREATE TABLE `counter` (
  `id` int(11) NOT NULL AUTO_INCREMENT,
  `digit` int(11) DEFAULT NULL,
  `count` int(11) DEFAULT NULL,
  PRIMARY KEY (`id`)
) ENGINE=InnoDB AUTO_INCREMENT=2 DEFAULT CHARSET=gb2312;

-- ----------------------------
-- Records of counter
-- ----------------------------
INSERT INTO `counter` VALUES ('1', '8', '2245');

-- ----------------------------
-- Table structure for customer
-- ----------------------------
DROP TABLE IF EXISTS `customer`;
CREATE TABLE `customer` (
  `id` int(11) NOT NULL AUTO_INCREMENT,
  `realname` varchar(50) DEFAULT NULL,
  `email` varchar(100) DEFAULT NULL,
  `password` varchar(10) DEFAULT NULL,
  `passwordQuestion` varchar(100) DEFAULT NULL,
  `passwordAnswer` varchar(100) DEFAULT NULL,
  `city` varchar(50) DEFAULT NULL,
  `address` varchar(250) DEFAULT NULL,
  `zip` varchar(10) DEFAULT NULL,
  `phone` varchar(50) DEFAULT NULL,
  PRIMARY KEY (`id`)
) ENGINE=InnoDB AUTO_INCREMENT=3 DEFAULT CHARSET=gb2312;

-- ----------------------------
-- Records of customer
-- ----------------------------
INSERT INTO `customer` VALUES ('1', '伽伽', 'jiajia@fans8.com', '11111', 'dd', 'dd', '北京', '亚运村阳光广场B座1207', '100020', '88168898');
INSERT INTO `customer` VALUES ('2', '黄竣', 'free@fans8.com', 'fans8', '??', '!!', '北京', '朝阳区惠新里甲240号', '100029', '010-88888888');

-- ----------------------------
-- Table structure for nextorderid
-- ----------------------------
DROP TABLE IF EXISTS `nextorderid`;
CREATE TABLE `nextorderid` (
  `id` int(11) NOT NULL AUTO_INCREMENT,
  `nextId` int(11) DEFAULT NULL,
  PRIMARY KEY (`id`)
) ENGINE=InnoDB AUTO_INCREMENT=2 DEFAULT CHARSET=gb2312;

-- ----------------------------
-- Records of nextorderid
-- ----------------------------
INSERT INTO `nextorderid` VALUES ('1', '187');

-- ----------------------------
-- Table structure for order
-- ----------------------------
DROP TABLE IF EXISTS `order`;
CREATE TABLE `order` (
  `id` int(11) NOT NULL AUTO_INCREMENT,
  `orderId` int(11) DEFAULT NULL,
  `customerId` int(11) DEFAULT NULL,
  `payMethodId` int(11) DEFAULT NULL,
  `name` varchar(50) DEFAULT NULL,
  `city` varchar(50) DEFAULT NULL,
  `addres` varchar(250) DEFAULT NULL,
  `zip` varchar(10) DEFAULT NULL,
  `phone` varchar(50) DEFAULT NULL,
  `shippingId` int(11) DEFAULT NULL,
  `orderDate` timestamp NOT NULL DEFAULT CURRENT_TIMESTAMP ON UPDATE CURRENT_TIMESTAMP,
  `finished` bit(1) DEFAULT b'0',
  `finishedTime` timestamp NULL DEFAULT NULL,
  `adminName` varchar(50) DEFAULT NULL,
  `adminId` int(11) DEFAULT NULL,
  `totalPrice` double DEFAULT NULL,
  PRIMARY KEY (`id`)
) ENGINE=InnoDB AUTO_INCREMENT=26 DEFAULT CHARSET=gb2312;

-- ----------------------------
-- Records of order
-- ----------------------------
INSERT INTO `order` VALUES ('17', '177', '1', '1', '伽伽', '北京', '亚运村阳光广场B座1207', '100020', '88168898', '1', '2015-11-30 16:06:59', '', '2015-11-16 13:39:22', null, null, '183');
INSERT INTO `order` VALUES ('18', '178', '1', '1', '伽伽', '北京', '亚运村阳光广场B座1207', '100020', '88168898', '1', '2015-12-01 11:16:25', '', '2001-11-14 21:45:43', null, null, '114');
INSERT INTO `order` VALUES ('19', '180', '1', '1', '伽伽', '北京', '亚运村阳光广场B座1207', '100020', '88168898', '1', '2015-12-01 13:19:29', '\0', null, null, null, '32');
INSERT INTO `order` VALUES ('20', '181', '2', '1', '黄竣', '北京', '朝阳区惠新里甲240号', '100029', '010-88888888', '1', '2015-12-01 13:19:30', '\0', null, null, null, '76');
INSERT INTO `order` VALUES ('21', '182', '1', '1', '伽伽', '北京', '亚运村阳光广场B座1207', '100020', '88168898', '1', '2015-12-01 13:19:35', '\0', null, null, null, '32');
INSERT INTO `order` VALUES ('22', '183', '1', '1', '伽伽', '北京', '亚运村阳光广场B座1207', '100020', '88168898', '1', '2015-12-01 13:19:41', '\0', null, null, null, '1640');
INSERT INTO `order` VALUES ('23', '184', '1', '1', '伽伽', '北京', '亚运村阳光广场B座1207', '100020', '88168898', '1', '2015-12-01 13:19:40', '\0', null, null, null, '32');
INSERT INTO `order` VALUES ('24', '185', '1', '1', '伽伽', '北京', '亚运村阳光广场B座1207', '100020', '88168898', '1', '2015-12-01 13:19:43', '\0', null, null, null, '32');
INSERT INTO `order` VALUES ('25', '186', '1', '1', '伽伽', '北京', '亚运村阳光广场B座1207', '100020', '88168898', '1', '2015-12-01 15:20:09', '\0', null, null, null, '3200');

-- ----------------------------
-- Table structure for orderdetails
-- ----------------------------
DROP TABLE IF EXISTS `orderdetails`;
CREATE TABLE `orderdetails` (
  `id` int(11) NOT NULL AUTO_INCREMENT,
  `orderId` int(11) DEFAULT NULL,
  `productId` varchar(50) DEFAULT NULL,
  `productName` varchar(100) DEFAULT NULL,
  `unitPrice` double DEFAULT NULL,
  `quantity` int(11) DEFAULT NULL,
  `unitWeight` float DEFAULT NULL,
  PRIMARY KEY (`id`)
) ENGINE=InnoDB AUTO_INCREMENT=28 DEFAULT CHARSET=gb2312;

-- ----------------------------
-- Records of orderdetails
-- ----------------------------
INSERT INTO `orderdetails` VALUES ('13', '177', 'ISRC 7-900099-9-3', '伽伽??生日快乐', '32', '1', '0.2');
INSERT INTO `orderdetails` VALUES ('14', '177', 'ISRC 7-900068-9', '张学友MP3精选', '25', '3', '0.2');
INSERT INTO `orderdetails` VALUES ('15', '177', 'ISBN 7-89999-685-6/TP*277', 'Dreamweaver UltraDev 4 全方位实作经典', '38', '2', '0.3');
INSERT INTO `orderdetails` VALUES ('16', '178', 'ISBN 7-89999-685-6/TP*277', 'Dreamweaver UltraDev 4 全方位实作经典', '38', '3', '0.3');
INSERT INTO `orderdetails` VALUES ('17', '180', 'ISRC 7-900099-9-3', '伽伽??生日快乐', '32', '1', '0.2');
INSERT INTO `orderdetails` VALUES ('18', '181', 'ISBN 7-89999-685-6/TP*277', 'Dreamweaver UltraDev 4 全方位实作经典', '38', '2', '0.3');
INSERT INTO `orderdetails` VALUES ('21', '182', 'ISRC 7-900099-9-3', '伽伽??生日快乐', '32', '1', '0.2');
INSERT INTO `orderdetails` VALUES ('22', '183', 'ISRC 7-900099-9-3', '伽伽??生日快乐', '32', '10', '0.2');
INSERT INTO `orderdetails` VALUES ('23', '183', 'ISBN 7-5088-1223-79', ' 世界经典文学名著套装（20册）', '109', '10', '5');
INSERT INTO `orderdetails` VALUES ('24', '183', 'ISBN 7-5039-2015-7', '暗流(文革手抄本)', '23', '10', '0.4');
INSERT INTO `orderdetails` VALUES ('25', '184', 'ISRC 7-900099-9-3', '伽伽??生日快乐', '32', '1', '0.2');
INSERT INTO `orderdetails` VALUES ('26', '185', 'ISRC 7-900099-9-3', '伽伽??生日快乐', '32', '1', '0.2');
INSERT INTO `orderdetails` VALUES ('27', '186', 'ISRC 7-900099-9-3', '伽伽??生日快乐', '32', '100', '0.2');

-- ----------------------------
-- Table structure for paymethod
-- ----------------------------
DROP TABLE IF EXISTS `paymethod`;
CREATE TABLE `paymethod` (
  `id` int(11) NOT NULL AUTO_INCREMENT,
  `name` varchar(50) DEFAULT NULL,
  PRIMARY KEY (`id`)
) ENGINE=InnoDB AUTO_INCREMENT=5 DEFAULT CHARSET=gb2312;

-- ----------------------------
-- Records of paymethod
-- ----------------------------
INSERT INTO `paymethod` VALUES ('1', '货到付款');
INSERT INTO `paymethod` VALUES ('2', '招行一卡通');
INSERT INTO `paymethod` VALUES ('3', '建行龙卡');
INSERT INTO `paymethod` VALUES ('4', '邮局汇款');

-- ----------------------------
-- Table structure for product
-- ----------------------------
DROP TABLE IF EXISTS `product`;
CREATE TABLE `product` (
  `id` varchar(50) NOT NULL,
  `name` varchar(100) DEFAULT NULL,
  `categoryId` int(11) DEFAULT NULL,
  `subCategoryId` int(11) DEFAULT NULL,
  `supplier` varchar(50) DEFAULT NULL,
  `author` varchar(150) DEFAULT NULL,
  `description` longtext,
  `price` double DEFAULT NULL,
  `listPrice` double DEFAULT NULL,
  `hotDeal` bit(1) DEFAULT b'0',
  `pubDate` timestamp NOT NULL DEFAULT CURRENT_TIMESTAMP ON UPDATE CURRENT_TIMESTAMP,
  `addDate` timestamp NOT NULL DEFAULT '0000-00-00 00:00:00',
  `commend` bit(1) DEFAULT NULL,
  `smallImg` varchar(200) DEFAULT NULL,
  `bigImg` varchar(200) DEFAULT NULL,
  `stock` int(11) DEFAULT NULL,
  `sell` int(11) DEFAULT NULL,
  `visits` int(11) DEFAULT NULL,
  `unitWeight` float DEFAULT NULL,
  PRIMARY KEY (`id`)
) ENGINE=InnoDB DEFAULT CHARSET=gb2312;

-- ----------------------------
-- Records of product
-- ----------------------------
INSERT INTO `product` VALUES ('ISBN 7-02-003354-7', '血玲珑', '1', '1', '人民文学出版社', '毕淑敏', '    卜绣文是一家公司的总经理，年届不惑。她的女儿夏早早患上了绝症??渐进性贫血症，骨髓停止造血。为了拯救女儿的生命，卜绣文倾尽所有，包括她的金钱、时间和生命。年轻医生魏晓日对她的遭遇十分同情，并为她超凡脱俗的气质所吸引。为此，他求救于自己的导师，当今医界泰斗钟百行先生，来挽救那个如花的生命。钟先生制定了医疗方案“血玲珑”?让卜绣文再生一个与早早基因相同的孩子，抽取他（她）的骨髓以救早早。卜绣文再次怀孕了，这是在她精心营造了一个同新婚之夜完全相同的夜晚与丈夫结合的结果。然而，基因化验结果出来时却发现，夏早早与卜绣文身上的胎儿，不属于同一个父亲。\r\n\r\n    自此，情节突转，衍生了一个个动人心弦险象环生的故事……', '21', '17', '', '2001-02-01 00:00:00', '2001-09-09 00:00:00', '\0', 'xll_s.gif', 'xll_b.gif', '55', '33', '48', '0.3');
INSERT INTO `product` VALUES ('ISBN 7-02-003438-1/I', '红晕(梁晓声最新长篇小说)', '1', '1', '人民文学出版社', '梁晓声', '  时空隧道把34年前的四个红卫兵,带到了我们这个时代。这次有史以来的社会核裂变令人无所适从，他们震惊、反抗、逃避、挣扎、困惑、茫然……作者对两个时代的思考令人感动，对两个时代的思维方式和语言特色的把握令人叫绝。', '0', '20', '\0', '2001-05-02 00:00:00', '2001-08-14 00:00:00', '\0', 'hongyun_s.gif', 'hongyun_b.gif', '88', '112', '229', '0.4');
INSERT INTO `product` VALUES ('ISBN 7-105-04497-7', '一塌糊涂', '1', '1', '民族出版社', '石康', '  晃晃悠悠，支离破碎之后现在终于是一塌糊涂了。石康给人一种混沌状态，然而他那种风格写作，会让你觉得生活真的就是如此。作为石康青春三部曲的最后一个乐章，仅从名字上，我们就可以断定它秉承了前两部作品的一贯风格。的确如此，在《一塌糊涂》里，我们又看到了那些熟悉的元素：隐隐约约的主线--泡妞、做爱、闹翻、分手；富于现代气息的场景--酒吧、迪厅、饭店；这一代人的内心世界--自我、怀疑、否定、反叛；最后还有石康式的\"关于××我要多说几句\"的絮絮叨叨。\r\n如果你是一个关注故事情节的读者，开始你一定会有点着急，因为作者绝不急于叙述故事，他老是拉着你絮絮叨叨谈别的，谈数学，谈写作，谈艺术，很快的，你会渐渐被这些内容吸引，甚至忘了关切那个故事的发展，你就已经接近读这本小说的最佳状态了。\r\n让我们看看石康是怎样谈他的《一塌糊涂》的：\r\n\r\n\"这不是一本叫我倒胃的纯情小说，我也没有丝毫在写作中言情的打算，纯粹的情感故事也许能打动很多无知的蠢货，但别想让我与那些著名骗子一起用情感去搭建莫须有的空中楼阁，我已三十多岁，再恬不知耻也不屑于用情……', '22', '15', '', '2001-06-01 00:00:00', '2001-08-14 00:00:00', '\0', 'yitahutu_s.gif', 'yitahutu_b.gif', '30', '25', '49', '0.3');
INSERT INTO `product` VALUES ('ISBN 7-204-03380-9', '落花梦', '1', '1', '内蒙古人民出版社', '张宝瑞', '文革十年，文坛百花萧杀，特殊时期手抄本文学代表作家19岁时堪称奇迹的神话志怪言情小说。书梦小说、神话志怪小说在明清文坛俯身可拾，但现在已不多。这部《落花梦》上下两册共八十六回，写的是才子陈洪波、才女骆小枝遨游天国列国的故事，宗旨是歌颂真善美、鞭挞假恶丑。才子陈洪波驾舟到东海逢莱寻找仙境，在满目悲凉凄清的落花楼进入梦境。他巧遇名姝骆小枝，二人偕伴同游天国。人世间众多幽灵在天国出现。他们在圣人国邂逅圣贤，一睹庄园梦蝶，诗客国参加诗会，与诗仙圣举怀吟诗；隐士国姜公梦夺乌纱，呕心沥血；红楼国与宝玉、黛玉、宝钗重结梅花诗社，醉酒当歌；美人国盗符救人，挑花源搬兵增援；名利国目睹利欲薰心，颠倒国嘲讽阿房宫火光烛影，险象环生……落花梦醒，给读者留下众多思索和回味。', '46', '35', '', '2001-02-01 00:00:00', '2001-09-09 00:00:00', '\0', 'lhm_s.gif', 'lhm_b.gif', '44', '66', '78', '0.2');
INSERT INTO `product` VALUES ('ISBN 7-5004-2912-6', '枫杨树山歌', '1', '1', '中国社会科学出版社', '苏童', '    这部小说中作者虚拟了一个叫枫杨树的乡村，许多读者认为这是一种“怀乡”和“还乡”情绪的流露，但对于作者那是漂浮不定的难以再现的影子。作者用其特有的方法拾起已成碎片的历史，缝补缀合，这是一种很好的小说创作过程，在这个过程中在作者的诱导下，触摸了祖先和故乡的脉搏，看见自己的来处，也将看到自己的归宿，阅读这部小说是我们的一次精神的“还乡”。', '19', '14', '', '2001-01-01 00:00:00', '2001-09-09 00:00:00', '\0', 'fyssg_s.gif', 'fyssg_b.gif', '68', '43', '60', '0.3');
INSERT INTO `product` VALUES ('ISBN 7-5039-2015-7', '暗流(文革手抄本)', '1', '1', '文化艺术出版社', '白士弘', '手抄本文学的精品，可读性收藏价值胜过一只绣花鞋。\r\n附有手抄本收藏者对当年收藏过程的回忆，再现那个红色的年代，人们对于文学的渴望。《一只绣花鞋》的风行为《暗流》的出现奠定了基础，全国数十家大小媒体卷入手抄本的热评，同时确定了手抄本小说的成功模式。\r\n关于手抄本的争议让人莫衷一是。市场到底如何呢？一本书是否重要，取决于它的社会需求。而手抄本是产生于特定时期特定人群，以特定方式流传的特定作品。白先生将其最初设想变成一道追光，锁住了散落于民间的手抄本收藏者。\r\n他历时12个月，遍访京城几十户人家，像淘金者让无人问津的手抄本小说重见天日，从褪色的日记本上，从压箱底的稿纸上，从耗子啃过的杂物堆里，翻出了二十多种手抄本小说，小心翼翼地把残缺部分裱好，又忍痛割爱删节了近一半作品，最后编辑成这本手抄本小说。\r\n《绿色尸体》、《一百个美女的雕像》（或称《一百张美人皮》）、《叶飞三下江南》，这种原汁原味复原了当年文革时期人们的生活状态，人物的思维方式也深深打上了当年的烙印，其叙述方式和语言风格透着朴实和简单，然而其情节却像无数民间文学一样，本能地抓住了人性中美好和邪恶的一面。', '0', '23', '\0', '2001-04-01 00:00:00', '2001-09-09 00:00:00', '', 'anliu_s.gif', 'anliu_b.gif', '46', '68', '89', '0.4');
INSERT INTO `product` VALUES ('ISBN 7-5063-1888', '三重门', '1', '1', '作家出版社', '韩寒', '  现在对韩寒现象的关注文章还时常海见诸于报端,不论如何,17岁的韩寒确实写出了一本尖刻,幽默而有智慧的长篇小说,而且1年内29次重印,不能不叹邪乎!17岁的韩寒注定要扮演不安分且引人注目的角色。\r\n　　这位上海松江二中高一的学生，以一篇《怀中窥人》问鼎首届全国新概念作文大赛。他的参赛经历似乎带有几分戏剧色彩：一杯水，一个纸团，过半个时辰，纸团沉到杯底，文章却浮出水面；他的天赋与才华令人折服赞叹??当之无愧地获得了大赛的一等奖。\r\n　　然而，时隔不久，意外的消息传来：韩寒因在期末考试中六门功课高挂“红灯”而留级。\r\n　　眼下的韩寒已经成为一个“话题”??“一个‘高材’留级生引出的话题”。\r\n　　这个韩寒，何许人也？在韩寒奉献给朋友们的这部长篇新作《三重门》中，你也许会找到他的影子……\r\n\r\n　　如果现在这个时代能出全才，那便是应试教育的幸运和这个时代的不幸。如果有，他便是人中之王，可惜没有，所以我们只好把“全”字人下的王拿掉。时代需要的只是人才。', '0', '16', '\0', '2000-06-01 00:00:00', '2001-08-14 00:00:00', '\0', '3chongmen_s.gif', '3chongmen_b.gif', '35', '46', '61', '0.3');
INSERT INTO `product` VALUES ('ISBN 7-5063-1908', '百年百种优秀中国文学图书--棋王', '1', '1', '作家出版社', '阿城', '  阿城在小说界乃至文学界,都是一个不可忽视的大人物.他像一个游方僧似的地在满世界乱跑,作品之少,之精,使其每一篇文章都让人惊叫,海外一些评述常把阿城与鲁迅、沈从文、张爱玲等并称为中国最好的小说家。在处女作《棋王》中，阿城表现出自己的哲学：“普遍认为很苦的知青生活，在生活水准低下的贫民阶层看来，也许是物质上升了一级呢！另外就是普通人的‘英雄’行为常常是历史的缩影。那些普通人在一种被迫的情况下，焕发出一定的光彩。之后，普通人又复归为普通人，并且常常被自己有过的行为所惊吓，因此，从个人来说，常常是从零开始，复归为零，而历史由此便进一步。” 阿城笔下著名的\"棋王\"王一生是近世以来罕见的一个深刻体现了道家文化特征的人物形象。王一生深得老子的阴柔之气。他的性格是坚忍而沉着的。《棋王》表面上写棋，实质上则具有多层次的象征意义，表现着他对中国文化传统的历史评价和对中国文化进步的展望。', '10', '8', '', '2000-07-01 00:00:00', '2001-08-14 00:00:00', '\0', 'qiwang_s.gif', 'qiwang_b.gif', '55', '48', '70', '0.2');
INSERT INTO `product` VALUES ('ISBN 7-5063-2051-7', '檀香刑', '1', '1', '作家出版社', '莫言', '据说,王家卫看中了《檀香刑》，有意将其拍成电影。\r\n“王家卫说小说写得很好，就是花100万也要买下来。”??知情人士\r\n“莫言的文字我很接受，很欣赏。”??金庸\r\n过于优雅的女士请不要读。 \r\n现有100本莫言亲笔签名书,售完为止。《檀香刑》是莫言潜心五年完成的一部长篇新作。在这部神品妙构的小说中，莫言以1900年德国人在山东修建胶济铁路、袁世凯镇压山东义和团运动、八国联军攻陷北京、慈禧仓皇出逃为历史背景，用摇曳多姿的笔触，大悲大喜地激情，高瞻深睿的思想，活龙活现地讲述了发生在“高密东北乡”的一场可歌呵泣的运动，一桩骇人听闻的酷刑，一段惊心动魄的爱情。\r\n　　小说情节以女主人公眉娘与她的亲爹、干爹、公爹之间的恩恩怨怨，生生死死展开……\r\n　　这部小说是对魔幻现实主义和西方现代派小说的反动，更是对坊间流行的历史小说的快意叫板，全书具有民间文学那种雅俗共赏，人相传诵的生动性。作者用公然炫技“凤头??猪肚??豹尾”的结构模式，将一个千头万绪地故事讲述得时而让人毛骨悚然，时而又让人柔情万种。\r\n　　这是一部真正民族化的小说，是一部真正来自民间，献给大众的小说。', '30', '22', '', '2001-03-01 00:00:00', '2001-09-09 00:00:00', '', 'tanxiangxing_s.gif', 'tanxiangxing_b.gif', '34', '56', '78', '0.4');
INSERT INTO `product` VALUES ('ISBN 7-5063-2086', '大宅门（上、下 附光盘一张）', '1', '1', '作家出版社', '郭宝昌', '清光绪六年，医药世家白府与官宦世家詹府结下深仇，百年老号“百草厅”老药铺被查封，全府陷入绝境。老太爷白萌堂悲愤交加，与世长辞，全府重担落在了二儿媳白文氏身上。三爷白颖宇乃纨绔子弟，使白家支离破碎。白文氏于内外交困之中运筹帷幄，费尽心机终将老号盘回，一举成为白府当家人。然而，白文氏却管教不了儿子白景琦，他从小顽劣，后被文武双全的老师季宗布所降服，长大成人充满了愤世嫉俗的反叛精神，竟与仇家詹府的私生女黄春私订终身。\r\n1900年，八国联军侵入北京，三爷颖宇当了汉奸，可是大姐白雅萍却被鬼子轮奸。景琦对侵略军充满仇恨，与一反战日兵结为好友，又为了给老师季宗布报仇，杀死了一个德国兵，连闯大祸，在三爷颖宇的威胁下，白文氏不得不将景琦和已怀孕的黄春赶出家门。景琦携黄春闯荡济南，创下一番事业，却又因与名妓杨九红的感情纠葛得罪提督府，被下大狱，后被堂姐白玉芬救出。京城白府也是一波三折，无赖韩荣发混入白府讹诈，气死了二爷颖轩。\r\n1911年清朝覆灭，大宅门在军阀混战中日渐没落，白家子女不肖，景琦……', '39', '32', '', '2001-03-01 00:00:00', '2001-09-09 00:00:00', '\0', 'dazhaimen_s.gif', 'dazhaimen_b.gif', '78', '66', '90', '2');
INSERT INTO `product` VALUES ('ISBN 7-5088-1223-79', ' 世界经典文学名著套装（20册）', '1', '1', '燕山出版社', null, '绝对便宜；装祯都绝对精美，配得上任一书架;送货上门（你在书市没准能觅到这样的便宜，但是需要自己扛回家）。本套书特别为那些有或即将有自己的小家，有自己的书架的朋友准备,让你一次将书架充实!', '287', '109', '', '2015-11-25 15:36:32', '2001-09-09 00:00:00', '\0', 'wxmzdtz_s.gif', 'wxmzdtz_s.gif', '40', '54', '68', '5');
INSERT INTO `product` VALUES ('ISBN 7-5327-2569-3', '挪威的森林', '1', '1', '上海译文出版社', '村上春树', '  绿子在电话的另一头默然不语，久久的保持沉默，如同全世界所有细雨落在全世界所有的草坪上……\r\n    “你现在在哪里？”\r\n     我现在在哪里？\r\n    我拿着听筒扬起脸，飞快的环视电话亭四周。我现在在哪里？我不知道这里是哪里，我全然摸不着头脑。这里究竟是哪里？目力所及，无不是不知走去哪里的无数男男女女。我是在哪里也不是的处所连连呼唤绿子。\r\n    关于村上，不用多说了。如果有哪个作家希望自己的作品在这样一个时代成为年轻人最珍爱最热衷于讨论的手册一样的东西，那么他要作的工作只有一件：超过村上。故事是从主人公渡边的回忆展开的，一首60年代甲壳虫的“挪威的森林”让“我”的思绪又回到了18年前患有精神病的直子和活泼坚强的绿子之间的感情纠葛。渡边一直都徘徊在她们两个人之间，一方面念念不忘之子缠绵的病情与柔情，一方面又难以抗拒绿子大胆的表白和迷人的活力。最后直子自杀身亡，渡边开始独自摸索此后的人生。', '0', '18', '\0', '2001-02-06 00:00:00', '2001-08-14 00:00:00', '\0', 'nuowei_s.jpg', 'nuowei_b.jpg', '46', '60', '55', '0.3');
INSERT INTO `product` VALUES ('ISBN 7-5354-2161', '痛失', '1', '1', '长江文艺出版社', '刘醒龙', '这里的腐败分子不是道德有缺陷的人，也不是无能鼠辈。从任何意义上讲，他们都是精英。作品以一个乡土小县的权力争夺、人、事流变为结构故事的纽带，以人性的变异为叙事元点，来建构乡村权力场，编织一个宏大的政治权力寓言。作者凭勇气和正义感，写出了滋生腐败的政治、经济、文化土壤。这里的腐败分子不是道德有缺陷的人，也不是无能鼠辈。从任何意义上讲，他们都是精英。作品直击乡村官场的龌龊、用人机制的缺陷以及官本位主义的盛行。展示在你面前的是道德水准的“痛失”、“以民为本”的魂灵的“痛失”，以及良知的泯灭与救赎的无助，充满深沉的批判精神与悲剧意识。', '0', '14', '\0', '2001-04-01 00:00:00', '2001-09-09 00:00:00', '', 'tongshi_s.gif', 'tongshi_b.gif', '56', '58', '78', '0.3');
INSERT INTO `product` VALUES ('ISBN 7-5391-1633-1', '毛毛MOMO--时间窃贼和一个小女孩的不可思议的故事', '1', '1', '21世纪出版社', '米切尔?恩德', '荣获欧洲青少年图书大奖\r\n\r\n\r\n    全世界畅销近二千万册\r\n\r\n\r\n    一部感动大人和孩子的幻想文学经典。“毛毛”是一个不知年龄，来自何方的小女孩，她拥有常人所没有的“灵敏听力”，只要她倾听朋友的绝望心声或好友们的吵架声，就能在很自然的情况下，解决他们的问题和纷争。甚至她还能使坏人倾吐他们的阴谋诡计。由于受城市里无处不在的灰先生蒙骗，人们开始醉心于追求所谓合理化、机械的生活，置亲情与良心于不顾，因此毛毛冒着生命危险，见到了时光老人侯拉博士，在时间王国里她发现了世界和人类的大秘密，即“时间就是生命”。生命的诞生即生命的花朵盛开，当生命结束时，又会有同样的生命之花再度绽放……懂得这庄严而神圣的时间秘密的“毛毛”，将回到现实世界勇斗那些灰先生，并终将获得胜利。\r\n势单力薄的女孩子竟能战胜强大的现代恶魔??灰先生？这是不是不可思议。“毛毛”胜利的法宝是什么呢？是她的精神力量远远地超出了物质的诱惑，她的故事在我们每个现代人的内心世界不断地上演着。《毛毛》是现代人诠释时间的最佳底本，是一本对现代物质社会进行尖锐批判的奇书，书中表达了对人类的无限挚爱，对人性回归的强烈渴望，是一本能感动大人和孩子幻想……', '0', '12', '\0', '2000-02-01 00:00:00', '2001-09-09 00:00:00', '', 'maomao_s.gif', 'maomao_b.gif', '68', '49', '78', '0.3');
INSERT INTO `product` VALUES ('ISBN 7-5399-1599-4', '暗痛', '1', '1', '江苏文艺出版社', '树明', '成功的女人，潦倒的男人，这是留美生涯中的一个真实的角落。也是作家树明真诚奉献给读者的真实心路历程。一个曾是中央机关的处长，如今在美国当搬运工里的小工头，他的心理如何平衡？一个在国内是科研项目的带头人，在美国却饲养大鼠、打零工，无意中还涉足了黑社会，之后又成了艾滋病毒携带者，他如何面对、感受这一切？成功的女人，潦倒的男人，这是留美生涯中的一个真实的角落。也是作家树明真诚奉献给读者的真实心路历程。', '0', '20', '\0', '2001-03-01 00:00:00', '2001-09-09 00:00:00', '\0', 'antong_s.gif', 'antong_b.gif', '48', '33', '68', '0.3');
INSERT INTO `product` VALUES ('ISBN 7-5402-1091-5', '中国现代才女经典文丛', '1', '1', '北京燕山出版社', '冰心/丁玲/萧红/苏雪林/庐隐/凌叔华/石评梅/谢冰莹', '  这些特别的女人，在男人主宰的世界里，用自己的笔，刻下深深的时代印记----那是女人的“味”，那是个性的“香”，那是精神的“美”，那是智慧的“光”。她们的个人魅力，现在的女人难以企及。。。无论小说、散文，冰心,丁玲,萧红,苏雪林,庐隐,凌叔华,石评梅,谢冰莹，这些才女们的语言风格多富有抒情性和音乐感，这使她们的作品在承继了古代才女诗、词、曲、赋韵文文学的基础上更把这个传统发扬在了小说和散文创作上。二十年代的冰心、凌叔华如此；到三十年代，丁玲、萧红在情感浓度和抒写张力上都较前深刻强烈，刻划人物也更往心理深层挖掘，但文字的美致韵味依然。\r\n\r\n　　鉴于此，北京燕山出版社花精力和财力出版了这样一套“中国现代才女经典文丛”，这里的“现代”是特指1919?1949年，这段“现代文学三十年”的历史时期。入选的八位才女主要活动在20世纪的20?30年代，所选作品也基本限定在她们创作的“现代”阶段，因选家多是现代文学的研究者，代表性无庸置疑。', '153', '69', '', '1998-02-01 00:00:00', '2001-08-14 00:00:00', '\0', 'xiandaicainv_s.jpg', 'xiandaicainv_b.jpg', '50', '98', '191', '3.5');
INSERT INTO `product` VALUES ('ISBN 7-5613-2192-9/G', '正在发育', '1', '1', '陕西师范大学出版社', '蒋方舟', '  现在网上到处流传着,说这位12岁的未成年作家写的这本书很搞笑.可能写作这种行为和书的内容确实如此,但如果你看过该书以后,你会感叹,自己也曾经历过12岁,也有一些类似的想法,但为什么没有她如此老练成熟呢!?咳,人的差别还真的很大!这是一位12岁的未成年作家写给成年或未成年的所有读者的书，它因为搞笑而在网上蔓延，但它又绝不是搞笑那么简单。现在作家的年龄是越来越小了。和穿着牛仔服的韩寒相比，方舟简直就是一个小不点了。并且你也不能对我们给她的“作家”头衔有什么怀疑，她已经出了两本书,都很精彩,而这一本是多么的令人吃惊,因为,你无法想象你无法想象,一个12岁的小女孩有如此老辣的文笔和如此超前的早熟！(只有在看过书以后才会有这种感叹),她小说中提到的同学自创的泡妞密笈后,你真的不会相信这是空穴来风了。', '0', '15', '\0', '2001-06-01 00:00:00', '2001-08-14 00:00:00', '\0', 'zhenzaifayu_s.gif', 'zhenzaifayu_b.gif', '68', '35', '70', '0.2');
INSERT INTO `product` VALUES ('ISBN 7-80040-496', '印加宝藏', '1', '1', '昆仑出版社', '克莱夫.卡斯勒', '  《泰坦尼克号》作者新著，作品发行量超过600000000本，华盛顿邮报畅销书排行榜冠军。解密悬疑的历史，探索法老的奥秘，此书已被翻译成40多种语本，在72个国家出版！在贫瘠的沙漠洞穴中，堆放着令人心醉神迷的黄金工艺品，足足有山一样高……这次，他们将冒着遭天谴的危险，克服重重困难，探访这一方神秘而无价圣地。\r\n\r\n宝藏、诅咒、古文明、诡谲多变、九死一生的夺宝奇案！紧张得一口气看完的冒险小说。\r\n\r\n解开古文明之谜？\r\n●克莱夫?卡斯勒展现了难得一见的焕发才气与卓越天分，将悬疑的历史奥秘和慑人心弦的探索之旅完美地结合在一起。\r\n●克莱夫?卡斯勒融合了神秘历史和计划周详的窃盗行动，创作了一出情节丰沛多样的戏剧佳构……他的叙事功力，鲜少有人能与之匹敌。', '0', '22', '\0', '2000-12-01 00:00:00', '2001-08-14 00:00:00', '\0', 'yjbz_s.jpg', 'yjbz_b.jpg', '88', '82', '220', '0.3');
INSERT INTO `product` VALUES ('ISBN 7-80040-541-9', '骨头在说话', '1', '1', '昆仑出版社', '凯丝.莱克斯', '  恐怖，恐惧，愤怒..扣人心弦，带你进入尸检现场，超震撼媲美《沉默的羔羊》荣获【亚瑟?埃利斯】最佳处女作小说奖！一出版就荣登“周日泰晤士报”畅销书冠军！荣获美国“每月一书俱乐部”特别推荐！已被译成20种以上的语言版本！“纽约时报”“好书情报”“旧金山纪事报”等各大媒体一致强力推荐！这次案件里的女性死者触动了我，从尸体上我感受到她们的恐惧、痛苦和无助。愤怒和被侮辱的感觉包围着我，唯有挖出那禽兽，让他付出应有的代价，我才能稍稍舒解……\r\n\r\n编号：二六七○，女性，白种人，姓名不详，验尸日期一九九四年六月三日。尸体腐烂程度严重，几乎只剩骨头：头、手、脚、躯干被分开装袋，整整齐齐装成四包……\r\n\r\n　　又是一件分尸案！死者被残忍地虐待，然后分尸！唐普?布兰纳虽然身为专业法医，勘验过无数尸体，却依然感到愤怒与恐惧??她仿佛听见这些尸体在说，有一个牺牲者！\r\n\r\n　　她知道她必须阻止下一件命案发生！然而，凶手的气息却越来越近，她和她所爱的人，竟也成了猎物……', '0', '28', '\0', '2000-10-08 00:00:00', '2001-08-14 00:00:00', '', 'gtzsh_s.jpg', 'gtzsh_b.jpg', '68', '70', '108', '0.3');
INSERT INTO `product` VALUES ('ISBN 7-80567-432-9', '巴黎圣母院（精）', '1', '1', '译林出版社', '雨果', '  法国十九世纪的著名作家雨果经典代表作，荡气回肠的历史传奇，跨越外在美丑的心灵激荡，在古老的巴黎圣母院上演。巴黎圣母院的副主教被年轻美丽的吉卜赛少女吸引，唆使手下的丑八怪将她掳回，由此开始在巴黎圣母院附近上演了一部荡气回肠的历史传奇故事。阴郁疯狂的副主教，善良美丽的流浪少女，面丑心善的敲钟人，蔚为壮观的奇迹王朝…这样的故事注定在文学史上只能出现一次。', '20', '15', '', '1995-10-03 00:00:00', '2001-08-14 00:00:00', '\0', 'blsmy_s.jpg', 'blsmy_b.jpg', '36', '77', '46', '0.5');
INSERT INTO `product` VALUES ('ISBN 7-80567-612-7', '麦田里的守望者(精装)', '1', '1', '译林出版社', '塞林格', '  我爱你,可是我不敢说.我怕我说了,我立刻就会死去.我不怕死,我怕我死了就没有人象我一样爱你,我只想当个麦田里的守望者。本书的主人公霍尔顿是个中学生,出身于富裕中产阶级的十六岁少年，在第四次被开除出学校之后，不敢贸然回家，只身在美国最繁华的纽约城游荡了一天两夜，住小客店，逛夜总会，滥交女友，酗酒……他看到了资本主义社会的种种丑恶，接触了各式各样的人物，其中大部分是“假模假式的”伪君子。\r\n\r\n霍尔顿几乎看不惯周围发生的一切，他甚至想逃离这个现实世界，到穷乡僻壤去假装一个又聋又哑的人，但要真正这样做，又是不可能的，结果他只能生活在矛盾之中：他这一辈子最痛恨电影，但百无聊赖中又不得不在电影院里消磨时间；他厌恶没有爱情的性关系，却又糊里糊涂地叫来了妓女；他讨厌虚荣庸俗的女友萨丽，却又迷恋她的美色，情不自禁地与她搂搂抱抱。\r\n\r\n因此，他尽管看不惯世道，却只好苦闷、彷惶，用种种不切实际的幻想安慰自己，自欺欺人，最后仍不免对现实社会妥协，成不了真正的叛逆，这可以说是作者塞林格和他笔下人物霍尔顿的悲剧所在。', '13', '10', '', '1998-09-04 00:00:00', '2001-08-14 00:00:00', '\0', 'mtldswz_s.jpg', 'mtldswz_b.jpg', '78', '56', '88', '0.3');
INSERT INTO `product` VALUES ('ISBN 7-80567-629-1', '第二十二条军规（精装本）', '1', '1', '译林出版社', '约瑟夫?海勒', '美国空军基地里，荒唐事接二连三，这里的人全疯了。\r\n本书是描写疯狂世界的典范，是反映第二次世界大战的最佳小说。第二次世界大战末，在意大利厄尔巴岛以南八英里的地中海的一个美国空军基地??皮亚诺萨小岛上，轰炸手约塞连上尉像只惊弓之鸟，在一片混乱、荒谬与恐怖中，置一切权威、信条于不顾，为保存自己的性命而进行着几近疯狂的努力。在这个岛上，他生活的唯一目的就是逃避作战飞行。于是，他一次又一次地装病住进医院，因为他发现保唯有这里才是最好的藏身之地。最后，他终于开了小差，逃到了瑞典。', '0', '20', '\0', '1998-09-01 00:00:00', '2001-09-09 00:00:00', '', 'di22tiaojungui_s.gif', 'di22tiaojungui_b.gif', '68', '47', '60', '0.5');
INSERT INTO `product` VALUES ('ISBN 7-80567-831-6', '荆棘鸟（精装）', '1', '1', '译林出版社', '考琳.麦卡洛', '  精装版澳大利亚的《乱世佳人》。印数超过八百万册，被美国时代杂志列为与《教父》、《爱情的故事》、《洪堡的礼物》等齐名的十大现代经典作品之一。这本书让我相信了爱情。这本书是一部澳大利亚的家世小说，以女主人公梅吉与神父拉尔夫的爱情纠葛为主线，描写了克利里一家三代人的故事，时间跨度长达半个多世纪之久。\r\n年富力强的神父一心向往罗马教廷的权力，但他却爱上了牧主克利里的女儿、美艳绝伦的少女梅吉，内心处于权力与爱情的深刻的矛盾之中，从而引发出一连串感人至深的故事。以两位主人公为中心，展开了克利里家族十余名成员各自的人生悲欢离合；尤其是小说的时间跨度恰好横越了二次大战，因而两代人之间截然不同的人生观所产生的冲突，更是引人注目。 \r\n梅吉一家住在新西兰，她父亲替人家剪羊毛为生，可这一年父亲失业了，正在一家人发愁的时候，他们接到姑母从澳大利亚寄来的信。原来，姑母年事已高，准备让他们去继承遗产。在经过一番颠簸之后，梅吉一家踏上澳洲大陆，来到德罗海达。刚一露面，梅吉就引起了拉尔夫神父的注意，他对这个女孩十分怜爱。\r\n\r\n　　拉尔夫神父是爱尔兰人，被天主教会派到德罗海达担任教士，他是个高大俊美的男人，优雅和蔼、雄心勃勃，他很想在教会中升到的职位，……', '0', '28', '\0', '1998-07-01 00:00:00', '2001-08-14 00:00:00', '\0', 'jingjiniao_s.gif', 'jingjiniao_b.gif', '45', '44', '60', '0.3');
INSERT INTO `product` VALUES ('ISBN 7-80607-746-4', '小说36计全集??美人计', '1', '1', '珠海出版社', null, '桃色交易的原型?西施，巧施美人计周旋于两个男人之间，可在时间与距离的作用下，她的爱开始怀疑、开始动摇，2400年前的一桩桃色交易，女主角西施周旋在两个男人之间??一个是初恋情人范蠡，一个是与她的国家有仇的吴王夫差。范蠡要她嫁给夫差，设计谋害他。但是，夫差英俊有为，对她甜言蜜语，把全世界都给了她。她心里开始动摇、开始怀疑、她的爱与仇，在时间与距离的作用下，起了质变', '22', '16', '', '2001-02-01 00:00:00', '2001-09-09 00:00:00', '', 'md_meirenji_s.gif', 'md_meirenji_b.gif', '45', '28', '45', '0.3');
INSERT INTO `product` VALUES ('ISBN 7-80611-960-4', '波利亚的月亮', '1', '1', '花山文艺出版社', '布莱恩?拉姆利', '现代畅销书大师布莱恩?拉姆利撰写的最成功的神秘幻想故事。在异维力量延续了无数个世纪的正义与邪恶之争中，传奇英雄们用他们的壮举谱写了永久流传的英雄传奇。超现实时空的波利亚，高原统帅汉克?西尔伯胡特率领着一队奇怪人马，步行在波利亚的森林边缘，像棺材一样的穿越任何时空通道的“时钟飞船”载着亨利在逃难时误入波利亚时空；敌人御风而行者伊萨夸的狼兵??风之子，打伤并抢走了亨利和他的飞船；重伤的亨利遇上了同是地球人的汉克，从此他们齐心协力，并肩与敌人展开了正义与邪恶的激烈斗争，彻底摧毁了白色荒原上伊萨夸的图腾庙，征召了风之子及其下属，并和高原结成了同盟；亨利和莫利恩辞别波利亚王和他的部落，乘着时钟飞船飞向地球……', '0', '11', '\0', '2001-01-01 00:00:00', '2001-09-09 00:00:00', '\0', 'bolyd_s.gif', 'bolyd_b.gif', '55', '35', '44', '0.2');
INSERT INTO `product` VALUES ('ISBN 7-80657-021-7', '洛丽塔（精装本）', '1', '1', '译林出版社', '弗拉迪米尔?纳博科夫', '《洛丽塔》，在美国曾经是一部禁书！《一树梨花压海棠 》据此改编，全美禁演。\r\n洛-丽-塔，我的生命之光，我的欲念之火。我的罪恶，我的灵魂。洛一丽一塔：舌尖向上，分三步，从上颚往下轻轻落在牙齿上。洛。丽。塔。 \r\n\r\n　　在早晨，她就是洛，普普通通的洛，穿一只袜子，身高四尺十寸。穿上宽松裤时，她是洛拉。在学校里她是多丽。正式签名时她是多洛雷斯。可在我的怀里，她永远是洛丽塔。 \r\n\r\n　　在她之前还有过别人吗?有的，确实有的。事实上，可能从来也没有什么洛丽塔，要不是我在一个夏天曾爱上了一个女童。在海边一片王子的领地。在什么时候?就是那一年，洛丽塔还有多少年才降临世间，我的岁数就有多少。你放心，杀人犯总能写出一手妙文。 \r\n\r\n　　陪审团的女士们、先生们，第一件证物正是被六翼天使，那个误传的、简单的、羽翼高贵的六翼天使所嫉妒的。且看这段纠缠不清的痛苦心史吧。', '0', '18', '\0', '2000-03-01 00:00:00', '2001-09-09 00:00:00', '', 'md_lolita_s.gif', 'md_lolita_b.gif', '39', '59', '84', '0.4');
INSERT INTO `product` VALUES ('ISBN 7-80657-025-x', '发条橙?莫扎特与狼帮', '1', '1', '译林出版社', '安东尼?伯吉斯', '  《发条橙》成为了一部现代经典。好莱坞大师级导演库伯里克曾把它拍成同名电影，几度遭禁，在他逝世后终可重映。《时代周刊》说它“貌似哗众取宠的滥俗之作，实际上是英语文学中的珍品，是一部哲理小说。”《莫扎特与狼帮》更成为别具一格的“天鹅之歌”。本书包含两部小说:\r\n《发条橙》是一部幻想小说。一个生活在未来某时代英国社会，酷爱贝多芬的问题少年操着独特的纳查奇语讲述了他从十五岁到十九岁的成长经历。青春期躁动在幻想题材中被夸大到极致，超越人伦之外。政府采用生物技术对他的改造虽制止了其犯罪行为，却剥夺了其意志自由，从另一方面削弱了他的人性，仿佛一个技术社会制造的发条橙，在机械规律的支配下身不由己的行动。终于他恢复了意志自由，又渡过了暴风骤雨期，回首往昔：醒悟到自己始终是上帝手中的一枚发条橙……\r\n\r\n《莫扎特与狼帮》是一部多文本小说，描写了莫扎特的一生，借助对这位音乐家的描写，反映了作者对音乐、人生、世界的思考。时间,古今,世界,人神,天堂人间等等界限都被打破了,形成了一部独特,内涵丰富得多文本作品,具有极强的思辨色彩。', '0', '24', '\0', '2001-05-04 00:00:00', '2001-08-14 00:00:00', '', 'aclockwork_s.gif', 'aclockwork_b.gif', '126', '44', '67', '0.3');
INSERT INTO `product` VALUES ('ISBN 7-80657-208-2', '牙买加客栈法国人的港湾（精装本）', '1', '1', '译林出版社', '达夫妮?杜穆里埃', '《牙买加客栈》和《法国人的港湾》是《蝴蝶梦》作者、英国著名女作家达夫妮?杜穆里埃的两部经典作品。\r\n　　《牙买加客栈》是一部哥特体悬疑经典小说。故事发生在英国康沃尔郡的博德明沼泽地，在这人烟稀少的沼泽地中央孤零零地矗立着一座两层高的楼房，这就是牙买加客栈。二十三岁的农家女玛丽因为父母双亡，无依无靠，只好背井离乡，来到这穷乡僻壤投奔她的姨妈佩兴斯??牙买加客栈的老板娘。然而她很快就发现，牙买加客栈实际上是一伙歹徒的秘密据点，而这伙歹徒的首领就是牙买加客栈老板，她的姨父乔斯?默林。一开始，她以为这伙歹徒只是在暗中进行走私活动，可姨妈那痛苦而恐惧的眼神和月黑风高时客栈内外的种种奇怪迹象却让她深信，走私活动的背后一定还有更为可怕的犯罪活动。为了揭开这个谜，为了伸张正义，玛丽用自己的柔弱之躯与一群杀人不眨眼的亡命之徒展开了一场斗智斗勇的较量。在这个过程中，她结识了杰姆和福兰西斯?戴维。前者是乔斯?默林的弟弟，一个盗马贼；后者是阿尔塔能村的教长。在与他们的交往中，玛丽的情感与理智又一次陷入了混乱…', '0', '24', '\0', '2001-06-01 00:00:00', '2001-09-09 00:00:00', '', 'yamaijiakezhan_s.gif', 'yamaijiakezhan_b.gif', '56', '33', '61', '0.4');
INSERT INTO `product` VALUES ('ISBN 7-89999-685-6/TP*277', 'Dreamweaver UltraDev 4 全方位实作经典', '1', '2', '中国水利水电出版社', '黄竣', '　本书的目的是让你能以最快的时间掌握UltraDev 4。所以彼得以实例为重点，通过不同的实例让你掌握UltraDev的不同功能，而没有花过多篇幅去作类似软件帮助的讲解。从基本的数据库操作到复杂的电子商务网站的实现，本书所有章节均是你熟练运用UltraDev 4的必读内容。\r\n　全部实例的初始文件及完成文件在配套光盘中，定能加快你的学习步伐。\r\n　相信全书包含１２个完整实例的４４万字的内容定会让你受益非浅！　本书的组织形式为：\r\n　第一章让你了解UltraDev 4的功能与界面，对于初学用户必不可少。\r\n　第二章很简洁的向你介绍使用UltraDev创建应用程序的准备工作。\r\n　从第三章开始，以12个完整实例向大家讲解UltraDev的使用。你可以逐步从上手、熟悉、巩固到精通UltraDev创建应用程序的全过程。\r\n　其中，第三章的新闻系统让你了解UltraDev对数据库基本操作的全过程。你能清除的看到UltraDev是如何对数据库进行添加、更新、删除及搜索的。\r\n　第四章讲解论坛的制作，你会从中掌握添加、更新数据库记录的高级方法。\r\n　第五章让你学会用UltraDev创建不同需求的搜索功能。\r\n　在第六章中，你可以运用UltraDev 4的用户鉴定功能来实现用户系统的完善功能。\r\n　第七章讲解动态显示内容高级实例，你将通过手工添加少许代码或使用第三方插件来实现许多高级功能。\r\n　第八章让你掌握文件上传功能的原理及实现方法。\r\n　第九章讲述的是网络应用发展的目标-电子商务功能的实现。你将通过网上书店的实例了解创建电子商务网站的需求分析及实现方法。\r\n　本书所有章节均是你熟练运用UltraDev 4的必读内容。全部实例的初始文件及完成文件在配套光盘中，定能加快你的学习步伐。', '0', '38', '\0', '2001-07-13 00:00:00', '2001-10-13 00:00:00', '', 'ultradevall_s.jpg', 'ultradevall_b.jpg', '233', '175', '286', '0.3');
INSERT INTO `product` VALUES ('ISBN 7-900054-36-7/TP.37', '常用工具软件步步高', '1', '2', '大恒电子出版社', '鲲鹏工作室　黄竣', '　用电脑就是用软件，如果我们想要用好电脑，首先就要用好软件。本书全面讲解了大家常用的软件，有系统工具、网络工具、测试工具、多媒体工具等6大类。主要是对使用方法的详细介绍，通俗易懂，图文并茂。', '40', '32', '', '2000-03-08 00:00:00', '2001-08-12 00:00:00', '\0', 'usesoft_s.jpg', 'usesoft_b.jpg', '37', '93', '129', '0.4');
INSERT INTO `product` VALUES ('ISBN 7-900054-37-5/TP.38', '常用网络软件步步高', '1', '2', '大恒电子出版社', '黄竣', '　在网络时代，网络软件同样盛行起来，网络用户非常需要一本专门介绍网络工具的书。这本BOOK提供了大家上网所需要的好多软件，分为网络必备、网络辅助和网络共享，每类均有具体划分。是网络用户上网的必备手册。　本书的组织形式为：\r\n　第一章让你了解UltraDev 4的功能与界面，对于初学用户必不可少。\r\n　第二章很简洁的向你介绍使用UltraDev创建应用程序的准备工作。\r\n　从第三章开始，以12个完整实例向大家讲解UltraDev的使用。你可以逐步从上手、熟悉、巩固到精通UltraDev创建应用程序的全过程。\r\n　其中，第三章的新闻系统让你了解UltraDev对数据库基本操作的全过程。你能清除的看到UltraDev是如何对数据库进行添加、更新、删除及搜索的。\r\n　第四章讲解论坛的制作，你会从中掌握添加、更新数据库记录的高级方法。\r\n　第五章让你学会用UltraDev创建不同需求的搜索功能。\r\n　在第六章中，你可以运用UltraDev 4的用户鉴定功能来实现用户系统的完善功能。\r\n　第七章讲解动态显示内容高级实例，你将通过手工添加少许代码或使用第三方插件来实现许多高级功能。\r\n　第八章让你掌握文件上传功能的原理及实现方法。\r\n　第九章讲述的是网络应用发展的目标-电子商务功能的实现。你将通过网上书店的实例了解创建电子商务网站的需求分析及实现方法。\r\n　本书所有章节均是你熟练运用UltraDev 4的必读内容。全部实例的初始文件及完成文件在配套光盘中，定能加快你的学习步伐。', '38', '30', '', '2000-03-08 00:00:00', '2001-08-12 00:00:00', '\0', 'useweb_s.jpg', 'useweb_b.jpg', '40', '85', '200', '0.3');
INSERT INTO `product` VALUES ('ISRC 7-900068-9', '张学友MP3精选', '3', '23', '北京伟地电子出版社', '张学友', '\r\n    听他的歌总是会有一种球迷看到精彩入球时的那种难以言状的冲动，不同的是这种冲动会更持久……精选80首张学友新老歌曲，一碟在手，学友经典全面收藏。本MP3包括80首歌曲（国、粤语）、歌词，还有学友写真、学友档案、学友大创关等，所有内容为多媒体展示。', '0', '25', '\0', '2000-12-16 00:00:00', '2001-08-15 00:00:00', '', 'jackymp3_s.jpg', 'jackymp3_b.jpg', '63', '79', '101', '0.2');
INSERT INTO `product` VALUES ('ISRC 7-900068-9-2', '情歌王子-张信哲MP3', '3', '23', '北京伟地电子出版社', '张信哲', '  60首经典情歌，60个浪漫故事，60种恋爱心情，60段刻骨感觉！这里汇集了情歌王子张信哲历年来的经典之作60首。柔美的旋律，凄婉的嗓音，忧郁的韵味，动人的故事，相信每一个Jeff迷都会满意的！', '0', '23', '\0', '2000-11-03 00:00:00', '2001-08-15 00:00:00', '\0', 'zxzmp3_s.jpg', 'zxzmp3_b.jpg', '66', '90', '109', '0.2');
INSERT INTO `product` VALUES ('ISRC 7-900069-07-0', '莫文蔚经典MP3', '3', '23', '北京腾图电子出版社', '莫文蔚', '  \r\n    华丽落泊，骄夸孤困--她的声音，她独特的诠释。这不应该是一个属于都市的女子，她应该生于一个没有年代，只有情感的时间与空间，那种不经意，那种似乎能想象得到她飘忽眼神的呤唱，让我们一起来感受吧。本MP3包括50首歌曲（含歌词），还有莫文蔚档案、写真、专辑简介，所有内容为多媒体展示。', '28', '25', '', '2001-04-01 00:00:00', '2001-08-15 00:00:00', '\0', 'mowenweiyoucan_s.jpg', 'mowenweiyoucan_b.jpg', '66', '39', '66', '0.2');
INSERT INTO `product` VALUES ('ISRC 7-900069-10-0', '孟庭苇MP3', '3', '23', '北京腾图电子出版社', '孟庭苇', '\r\n    其实她的情怀很浪漫，始终忠於唯美。有些人为了爱而活，有些人为了自已而努力。 但孟庭苇只为了梦而歌，为那份心中越来越浓的真、善与美。 於是她的无邪彷佛跟所谓的红尘越来越脱节， 却在每个依然有梦的聆听者心中越来越明显，越来越浓烈。 她的嗓音细腻宛转,纯净透明,风格楚楚动人、纯真感性、温柔婉约，清新柔美的气质深深的吸引着每一颗渴望回归自然怀抱的心。', '0', '25', '\0', '2000-12-01 00:00:00', '2001-08-15 00:00:00', '\0', 'mengtingweimp3_s.jpg', 'mengtingweimp3_b.jpg', '44', '48', '65', '0.2');
INSERT INTO `product` VALUES ('ISRC 7-900073-67-1/J.09', '绝对流行?最新华语流行金曲冠军榜MP3（1999-2001）', '3', '23', '北京银冠电子出版社', '王菲 莫文蔚 梁咏琪 金海心 萧亚轩 徐怀钰 孙燕姿 林忆莲 迪克牛仔 刘德华 陶? 孙楠 游鸿明 羽泉 任贤齐等几十名歌坛大腕', '    80首1999-2001年华语歌坛超级冠军金曲，王菲、莫文蔚、梁咏琪、金海心、林忆莲、 刘德华、陶?、孙楠、游鸿明、羽泉等几十名歌坛大腕，巨星云集，新星灿烂，熟悉，亲切，崭新，丰富??锐不可挡的巨大魅力尽在其中！内附歌词包括部分MP3歌曲及其他流行歌曲若干。本专辑音乐源采用当今世界DVD音源制作最高标准：96KHZ/24BIT 取样录制，经过最先进的压缩技术处理，具有极高的清晰度，更逼真的现场效果，更细腻纯正的音质。', '0', '25', '\0', '2000-08-08 00:00:00', '2001-08-15 00:00:00', '', 'bestofchinese_s.jpg', 'bestofchinese_b.jpg', '87', '54', '99', '0.2');
INSERT INTO `product` VALUES ('ISRC 7-900099-9-3', '伽伽??生日快乐', '3', '18', '滚石唱片', '石英', '  说到JIAJIA，你也许不会陌生，青春靓丽的面孔，窈窕的身材，甜美的歌喉。她的歌曲风格多以轻松、清新为主，使她的歌征服无数少男少女的心。每每听JIAJIA的歌，那悦耳的节奏在耳边响起时，就仿佛一股清亮的泉水流入心田，顿时感到十分的舒畅，心情也会跟着她的歌声慢慢平静下来，去感受JIAJIA感情世界里的喜怒哀乐。', '0', '32', '\0', '2001-08-06 00:00:00', '2001-11-15 00:00:00', '\0', 'jiajia_s.jpg', 'jiajia_b.jpg', '193', '172', '247', '0.2');
INSERT INTO `product` VALUES ('ISRC A68-00-316-00/A.J6', '羽泉最美+冷酷到底', '3', '24', '中新音像出版社', '羽泉', '  羽?泉缔造了华语歌坛的传奇，《最美》让他们成为99\'国内最佳组合，《冷酷到底》获2000\'华语十大金曲奖，他们是幸运儿，这两盘专辑的精选合辑也许会把幸运也带给你。', '0', '20', '\0', '2000-12-08 00:00:00', '2001-08-15 00:00:00', '\0', 'yq2cd_s.jpg', 'yq2cd_b.jpg', '77', '88', '99', '0.2');
INSERT INTO `product` VALUES ('ISRC CN-A02-99-0054-0/V.J9', '刺杀肯尼迪（DVD）', '2', '9', '中影音像出版社', '凯文?科斯特纳 Kevin Costner \r\n 汤米?李?琼斯  \r\n 西西?斯帕塞克  \r\n 唐纳德?苏瑟兰  \r\n 乔?佩西', '  重新揭开美国历史上最大的悬案，整个国家为之震撼。那些入场时只准备去看一部故事片的观众，出场时已忘记这只不过是一部电影，相信一切都是事实而为之愤慨。一场战争伤害了一个国家，一部电影展现美国民主被无情践踏……\r\n\r\n    本DVD为中英双语 中文字幕 ac3-5.1 双面DVD。获1991年美国影艺学院最佳摄影、最佳剪辑两项奥斯卡金像奖,好莱坞外国记者协会最佳导演金球奖。', '120', '90', '', '1991-07-01 00:00:00', '2001-08-14 00:00:00', '', 'cishakennidi_s.jpg', 'cishakennidi_b.jpg', '128', '90', '112', '0.3');
INSERT INTO `product` VALUES ('ISRC CN-A02-99-0066-0/V.J9', '飞越疯人院（DVD）', '2', '9', '中影音像出版社', '杰克?尼科尔森 Jack Nicholson \r\n 路易丝?弗莱彻 Louise Fletcher \r\n 威廉姆?里德弗尔德 William Redfield \r\n 丹尼?德?维托 Danny De Vito', '\r\n    一部举世震惊的电影，在平静的表面下，有一种疯狂欲待爆发；在令人窒息环境下，对压抑人性的现代工业社会的重重一击……一个为了个性解放而孤军奋战的英雄，找不到正确的解放道路而最终为社会所吞噬。悲惨的命运令人潸然泪下……\r\n\r\n    本DVD为英语原声 普通话配音 中文字幕。影片故事发生在一九六三年间，美国某丛林旁座落着一所国家精神病院，那儿住着各种各样的精神病人。\r\n\r\n    一天，一个名叫麦克默菲的青年男子，被武装的教养院军官押往国家精神病院，因为据说这青年在教养院胡作非为，还玩弄了一个未成年的姑娘，所以他被视作\"疯人\"嫌疑犯而送进精神病院。麦克墨菲是一个身强力壮、性格豪放的青年，为了逃避苦役，假装精神失常，从监狱来到精神病院。\r\n\r\n    麦克默菲进院后，他原以为可自由轻松一点了，那知处处受到限制，连抽烟也禁止，家属带给病人的一盒盒烟都被没收。主治医生找他谈话，因为他在教养院有一系列\"反常\"言行，因而他和其他病人一样，接受特殊治疗。\r\n\r\n    麦克默菲与比利等六七个病人常在一起。有个象座铁塔似的印第安人，总是默默无语，麦克默菲故意与他搭腔，但仍不理睬…… 1975年第48届奥斯卡最佳影片，最佳男、女主角，最佳导演和最佳改编剧本五项大奖。', '0', '90', '\0', '1975-06-01 00:00:00', '2001-08-14 00:00:00', '', 'feiyuefengrenyuan_s.jpg', 'feiyuefengrenyuan_b.jpg', '46', '50', '98', '0.3');
INSERT INTO `product` VALUES ('ISRC CN-A12-99-0141-0/V.J9', '暗战', '2', '11', '永盛娱乐制作有限公司', '刘德华  \r\n 刘青云  \r\n 蒙嘉慧  \r\n 李子雄', '  只剩四星期寿命的华（刘德华饰）打劫财务公司，抢去钻石并胁持人质。刚被调任为文职兼任谈判专家的生（刘青云饰）赶到现场，想劝华自首，可惜被华逃掉，生深深不忿。华逃走时遇到婷（蒙嘉慧饰），华枪指婷要与她扮情侣以掩人耳目，二人留下深刻印象。经调查，生发现财务公司隔邻的运输公司幕后主脑人陈走私珠宝，陈曾出卖华父，华要为父报仇。生偷偷进入运输公司，被陈手下发现后慌忙逃走，原来华一直监视生，利用他引开陈手下来让自己劫走珠宝，此际生华二人由敌对变成拍挡合力杀出重围。为了要将陈绳之于法，生答应与华合作，相约陈交宝石颈链。华在生与陈交易时乘乱偷走颈链后成功逃脱，生再次被华骗，输得心服口服。三年后，那条宝石颈链忽然出现于生眼前……', '0', '10', '\0', '1999-12-01 00:00:00', '2001-08-15 00:00:00', '\0', 'anzhan_s.jpg', 'anzhan_b.jpg', '88', '104', '122', '0.2');
INSERT INTO `product` VALUES ('ISRC CN-A13-01-0001-0/V.J9', '朱丽叶与梁山伯', '2', '11', '天下电影制作有限公司', '吴镇宇  \r\n 吴君如  \r\n 任达华', '    喜欢吴镇宇的人会喜欢它，很酷；喜欢另类爱情的人会喜欢它，很悲；喜欢《花样年华》的人会喜欢它，很美；喜欢收获惊喜的人会喜欢它，很棒。2000年香港金像奖两项提名，黯然销魂处，拍案叫绝时。\r\n\r\n    本VCD为国粤双语 2碟装。　　\r\n　　\r\n    茱迪跟其它女人一样需要男人的肩膀作慰藉，但却不得不默然回到爷爷身边，在唯一的亲人怀中感受亲情的慰藉与温暖。 在一家乡村乡的洒家当侍应的时候，茱迪遇到了单恋自己的教车师傅，招收外围波的佐敦和黑道大哥新界安。刀光血影错综复杂中，茱迪爱上了佐敦。但古往今来，最遭天妒的爱便是无条件的爱…… 该片由素演喜剧片为主的吴君如出演人生曲折、感情细腻的茱迪，吴镇宇、任达华演佐敦、新界安。缠绵悱恻，余韵悠长。', '20', '10', '', '2000-06-03 00:00:00', '2001-08-15 00:00:00', '\0', 'lsb_s.jpg', 'lsb_b.jpg', '77', '89', '104', '0.2');
INSERT INTO `product` VALUES ('ISRC CN-A13-96-0045-0/V.J9', '英雄本色123全套（6VCD）', '2', '11', '新艺城、电影工作室', '周润发  \r\n 张国荣  \r\n 狄龙', '\r\n    黑风衣大墨镜，嘴角叼着一根火柴，用一张美钞点燃香烟，芭蕾舞式的双枪怒射，小马说：我失去的东西我一定要亲手拿回来！不论他是发仔、发哥还是发伯，这个男子汉从此不朽。', '60', '24', '', '1996-01-01 00:00:00', '2001-08-15 00:00:00', '\0', 'yingxiong_s.jpg', 'yingxiong_b.jpg', '78', '40', '60', '0.4');
INSERT INTO `product` VALUES ('ISRC CN-A13-99-0017-0/V.J9', '钢琴课(DVD)', '2', '9', '中国录音录像出版总社', '霍利?亨特  \r\n 萨姆?奈尔  \r\n 哈维?凯特尔  \r\n 安娜?帕昆尼', '\r\n    奥斯卡五项大奖。音乐成为她心声流露的寄托。她将她全部的生命与爱全部融化进她的琴声之中，世上唯有知音和爱她的人才能领悟……一个哑少妇的爱情生活和音乐生命， 一部触及心灵的作品。\r\n\r\n   本DVD为中英双语对白 双语字幕 AC--3 5.1 区码6 单面。\r\n\r\n    奥斯卡五项大奖。音乐成为她心声流露的寄托。她将她全部的生命与爱全部融化进她的琴声之中，世上唯有知音和爱她的人才能领悟……一个哑少妇的爱情生活和音乐生命， 一部触及心灵的作品。\r\n\r\n    本DVD为中英双语对白 双语字幕 AC--3 5.1 区码6 单面　　\r\n　　\r\n     19世纪中叶，在遥远空旷的新西兰海岸，美国少妇爱达带着九岁的女儿和一架大钢琴嫁给了美国殖民者斯图尔特。由于路途十分艰难，丈夫决定舍弃钢琴，将它留在沙滩上。爱达内心痛苦万分。她从小就丧失了说话的能力，而唯一能让她排遣寂寞的就是钢琴那优美动人的音乐。斯图尔特只是个一心想要发财的商人。他根本不理会妻子的要求。爱达只能求助于邻居乔治?贝因。贝因表示想听爱达的演奏。于是爱达在海边发狂地弹琴，渲泄着她内心的寂寞和痛苦。贝因从这震憾人心的音乐中了解了爱达的心。\r\n贝因用一块土地与斯图尔特换走了钢琴，并费尽千辛万苦将它运回家中。为了弹琴，爱达每天去给贝因上钢琴课。而贝因为了亲近爱达，提出用爱抚亲近可以换回钢琴。在音乐与爱抚中，贝因比斯图尔特更深地理解和爱着哑女爱达，他们两人的情感也逐渐滋长起来。专横的斯图尔特发现这一切后将爱达与孩子都囚禁在屋中。然而这并不能阻止爱达向贝因表达爱意。狂怒之下，斯图尔特用斧头砍下了爱达的一根手指。这终于导致了一场……', '0', '68', '\0', '1993-10-01 00:00:00', '2001-08-14 00:00:00', '', 'gqkdvd_s.jpg', 'gqkdvd_b.jpg', '111', '80', '99', '0.3');
INSERT INTO `product` VALUES ('ISRC CN-A13-99-0035-0/V.J9', '勇敢的心', '2', '9', '中国录音录像出版总社', '梅尔?吉布森 Mel Gibson \r\n 苏菲?玛索 Sophie Marceau \r\n 派特里克?麦克哥汉 Patrick Mcgodhan', '  奥斯卡五项大奖，梅尔?吉布森打造电影史上传奇巨作，一个关于自由与死亡的故事，一个英雄传说的荡气回肠与铁血柔情。13世纪，耸立于本奈维斯群山脚下的大不列颠要塞，是用巨大圆木建筑起来的，它的作用是以镇压生活在其下面的苏格兰起义军。在起义军中最具有反抗精神的就是威廉.华莱士。当华莱士的名字被提到时，当地的人们就会跪下并为之祈祷，他是第二个基督救世主；他家世代居住在一座非常简陋的土屋里，周围人烟稀少，到处是动物的死尸和一尺多深的泥潭。华莱士是一位精通法语和拉丁语的普通苏格兰人，同时具有聪慧的头脑和强健的体魄。当英国士兵杀死了他妻子后，华莱士发誓要报仇。\r\n\r\n    在威廉?华莱士还是孩子的时候，他的父亲，苏格兰的英雄马索?华莱士在与英军的斗争中牺牲了。幼小的他在父亲的好友的指导下学习文化和武术。光阴似箭，英王爱德华为巩固在苏格兰的统治，颁布法令允许英国贵族在苏格兰享有结婚少女的初夜权，以便让贵族效忠皇室。王子妃伊莎贝拉是个决断的才女，她知道这道法令会让英国贵族有意于苏格兰，但更会激起苏格兰人民的反抗。……', '0', '39', '\0', '1995-08-04 00:00:00', '2001-08-14 00:00:00', '\0', 'yonggandexin_s.jpg', 'yonggandexin_b.jpg', '120', '97', '111', '0.3');
INSERT INTO `product` VALUES ('ISRC CN-A16-88-304', '骇客帝国', '2', '9', '美国华纳兄弟影片公司', '基努.里维斯　劳伦斯.菲希伯恩　嘉丽-安妮.莫斯', '　　在22世纪，人类已被强大的电脑“主体”网络控制了意识。以墨菲斯为首的黑客组织，为拯救人类，与“主体”麾下的史特工进行着长期不懈的较量，但一直难以取胜。于是他们按照“祭师”的指点，积极寻找可以使人类脱离电脑控制的救世主，而电脑公司的软件工程师尼奥正是他们所需要寻找的目标。 \r\n　　墨菲斯派崔妮蒂将尼奥带到黑客组织的基地，向其展示了事实真相，并将之训练成为能力超凡的战士。但就在他们准备向“主体”宣战时，却因内奸的出卖遭到史密斯特工的袭击。墨菲斯为掩护尼奥等人安全撤离，舍身相拼，但终因寡不敌众而被捕。 \r\n　　已回到基地的尼奥闻讯后，与崔妮蒂重新返回网络，经过一番血战，终于救出墨菲斯，但自己却因此而惨遭枪杀。就在他的灵魂处于游离之际，崔妮蒂的深情呼唤将之唤醒。尼奥经过灵与肉的挣扎，终于激发起自己的超能潜质，以万夫难敌之势，与史特工展开惊心动魄的激战，他发誓要为拯救人类，与“主体”进行决战。', '60', '30', '', '2000-07-06 00:00:00', '2001-08-19 00:00:00', '\0', 'video_matrix_s.gif', 'video_matrix_b.gif', '80', '109', '118', '0.3');
INSERT INTO `product` VALUES ('ISRC CN-E20-98-0008-0/V.J9', '阮玲玉', '2', '11', '香港威禾', '张曼玉  \r\n 梁家辉  \r\n 秦汉  \r\n 刘嘉玲  \r\n 叶童', '    张曼玉勇夺柏林影后代表作。五十岁以上的中国电影观众，很少有人不知道阮玲玉的名字。她是我国早期电影界一位著名女员，由少女至老年，从社会的殉葬者一直到有革命思想的先进女。阮玲玉二十五岁时，由於自己不幸的爱情生活婚姻关?加上当时封建的势力了攻击新电影而对她进行疯狂的迫害和诽谤，终於愤然自尽，死时正值一九三五年「三八」妇女节。一九九一年关锦鹏率领员张曼玉和大批的工作人员回到上海，他们要活生生的把中国电影史上这一位天才演员的躯体和魂魄召回来。二、三十年代中国女星阮玲玉在她事业最巅峰时自杀，留下一纸「人言可畏」的遗书。她与张达民同居多年，后来她与唐季珊相好，张却一而再地向她要钱，因而成为小报的头条新闻，终於令阮玲玉愤然自杀，亦是她向保守势力的无声反抗。', '0', '10', '\0', '1998-02-03 00:00:00', '2001-08-15 00:00:00', '\0', 'ruanlingyu_s.jpg', 'ruanlingyu_b.jpg', '45', '67', '90', '0.2');
INSERT INTO `product` VALUES ('ISRC CN-F06-99-405-00/V.J6-/', '迪克牛仔（上华巨星原装MTV卡拉OK系列）', '3', '24', '上华国际企业股份有限公司', '迪克牛仔', '  这个牛仔总给人一种力量，变化着的力量！他，让人们更理解了他的沧桑究竟是什么，同样他让我们觉得我们要坚强的活着，他的音乐似乎已化成了无数的动力！', '18', '10', '', '2000-10-03 00:00:00', '2001-08-15 00:00:00', '\0', 'dick_s.jpg', 'dick_b.jpg', '44', '87', '110', '0.2');
INSERT INTO `product` VALUES ('ISRC CN-F18-01-0110-0/V.J9', '瘦身男女', '2', '11', '中国星集团', '刘德华  \r\n 郑秀文  \r\n 黑川力矢', '    杜琪峰的影片，剧情一贯是富有想象力，本片当然也不例外。郑秀文饰演的MiniMo本是位9头身美人，所谓9头身美人也就是头与身子的比例是1比9，那自然是位身材匀称的窈窕淑女了。别人在失恋后都是“为伊消得人憔悴”，而MiniMo在遭受失恋的刺激后，却有着与众不同的反应，可能是内分泌系统或是消化吸收功能因受刺激产生病变，使得她变成一个体重260磅的大肥婆。从窈窕淑女一下变成肥婆，自卑感油然而生。\r\n\r\n    　此时，她却有缘认识了同病相怜的肥佬(刘德华饰)，同病相怜自然很快成为知己。结交中肥佬获悉，Mini与初恋情人黑川在十年前定下了一个十年之约，相约十年后再相见。而如今离十年之约的期限只剩下45天，但如今已变肥婆的MiniMo当然不愿与初恋情人见面，原因是怕黑川见到自己如此这般模样。好心的肥佬为成全有情人，决心帮助用Mini恢复原来的体形。在余下的日子里帮Mini以地狱式方法特训减肥，踩单车……', '18', '10', '', '2001-05-08 00:00:00', '2001-08-15 00:00:00', '\0', 'shoushennannv_s.jpg', 'shoushennannv_b.jpg', '88', '93', '156', '0.2');
INSERT INTO `product` VALUES ('ISRC F06-2000-410-01/V.J6', '许茹芸VCD', '3', '24', '上华国际企业股份有限公司', '许茹芸', '\r\n    “你怎么舍得让我的泪流向海，付出的感情永远，找不回来……”。听她的歌声，就仿佛被包围在一大片柔软白净的丝絮中。置身于片片丝絮的缠绕，是如此的柔，如此的净……本辑强力主打歌曲：《泪海》。', '0', '12', '\0', '2000-03-01 00:00:00', '2001-08-15 00:00:00', '\0', 'xry_s.gif', 'xry_b.gif', '46', '55', '68', '0.2');
INSERT INTO `product` VALUES ('ISRC F06-2000-410-06/V.J6', '许美静精选集2', '3', '24', '上华国际企业股份有限公司', '许美静', '    聆听许美静，她美得是那样迷人，静得是那样脱俗；每一首歌都动听优美，每一首歌莫不发自内心，恬静而悠扬，曲高而和众；气质如兰，不骄不矜。真正人如其名，歌如其名，美如其名，静如其名。曲目简介：\r\n01.快乐无罪\r\n02.蔓延\r\n03.听那星光歌唱\r\n04.边界1999\r\n05.明知故犯\r\n06.当阳光变冷\r\n07.今天的太阳\r\n08.荡漾\r\n09.旋涡\r\n10.单数\r\n11.你抽的烟', '0', '12', '\0', '2000-05-06 00:00:00', '2001-08-15 00:00:00', '\0', 'xmj_s.jpg', 'xmj_b.jpg', '39', '67', '89', '0.2');

-- ----------------------------
-- Table structure for rating
-- ----------------------------
DROP TABLE IF EXISTS `rating`;
CREATE TABLE `rating` (
  `id` int(11) NOT NULL AUTO_INCREMENT,
  `productId` varchar(50) DEFAULT NULL,
  `rateLevel` int(11) DEFAULT NULL,
  PRIMARY KEY (`id`)
) ENGINE=InnoDB AUTO_INCREMENT=24 DEFAULT CHARSET=gb2312;

-- ----------------------------
-- Records of rating
-- ----------------------------
INSERT INTO `rating` VALUES ('1', 'ISRC 7-900099-9-3', '5');
INSERT INTO `rating` VALUES ('2', 'ISBN 7-89999-685-6/TP*277', '5');
INSERT INTO `rating` VALUES ('3', 'ISBN 7-89999-685-6/TP*277', '4');
INSERT INTO `rating` VALUES ('4', 'ISBN 7-89999-685-6/TP*277', '5');
INSERT INTO `rating` VALUES ('5', 'ISBN 7-89999-685-6/TP*277', '5');
INSERT INTO `rating` VALUES ('6', 'ISBN 7-5088-1223-79', '2');
INSERT INTO `rating` VALUES ('7', 'ISBN 7-5088-1223-79', '1');
INSERT INTO `rating` VALUES ('8', 'ISBN 7-5088-1223-79', '3');
INSERT INTO `rating` VALUES ('9', 'ISBN 7-5088-1223-79', '5');
INSERT INTO `rating` VALUES ('10', 'ISBN 7-5063-2051-7', '2');
INSERT INTO `rating` VALUES ('11', 'ISBN 7-5063-2051-7', '1');
INSERT INTO `rating` VALUES ('12', 'ISRC 7-900099-9-3', '5');
INSERT INTO `rating` VALUES ('13', 'ISRC 7-900099-9-3', '5');
INSERT INTO `rating` VALUES ('14', 'ISBN 7-89999-685-6/TP*277', '5');
INSERT INTO `rating` VALUES ('15', 'ISBN 7-89999-685-6/TP*277', '5');
INSERT INTO `rating` VALUES ('16', 'ISBN 7-89999-685-6/TP*277', '5');
INSERT INTO `rating` VALUES ('17', 'ISBN 7-89999-685-6/TP*277', '5');
INSERT INTO `rating` VALUES ('18', 'ISRC CN-A16-88-304', '5');
INSERT INTO `rating` VALUES ('19', 'ISRC CN-A16-88-304', '5');
INSERT INTO `rating` VALUES ('20', 'ISRC 7-900099-9-3', '5');
INSERT INTO `rating` VALUES ('21', 'ISRC 7-900099-9-3', '5');
INSERT INTO `rating` VALUES ('22', 'ISBN 7-89999-685-6/TP*277', '5');
INSERT INTO `rating` VALUES ('23', 'ISBN 7-89999-685-6/TP*277', '5');

-- ----------------------------
-- Table structure for review
-- ----------------------------
DROP TABLE IF EXISTS `review`;
CREATE TABLE `review` (
  `id` int(11) NOT NULL AUTO_INCREMENT,
  `productId` varchar(50) DEFAULT NULL,
  `name` varchar(50) DEFAULT NULL,
  `email` varchar(100) DEFAULT NULL,
  `content` longtext,
  `time` timestamp NOT NULL DEFAULT CURRENT_TIMESTAMP ON UPDATE CURRENT_TIMESTAMP,
  PRIMARY KEY (`id`)
) ENGINE=InnoDB AUTO_INCREMENT=37 DEFAULT CHARSET=gb2312;

-- ----------------------------
-- Records of review
-- ----------------------------
INSERT INTO `review` VALUES ('1', 'ISRC 7-900099-9-3', 'Peter', 'peterhj119@263.net', '我太喜欢这张专集啦~~~~~~~~~！！', '2001-10-02 12:01:19');
INSERT INTO `review` VALUES ('2', 'ISBN 7-89999-685-6/TP*277', '苗苗', 'cccaaattt@263.net', '一本不可多得的好书~~~~！！！！', '2001-10-02 12:02:49');
INSERT INTO `review` VALUES ('3', 'ISBN 7-89999-685-6/TP*277', '哎哟哇', 'jiajia626@263.net', '我好钟意这本书~！:>', '2001-10-02 13:28:18');
INSERT INTO `review` VALUES ('4', 'ISRC 7-900099-9-3', '阿美', 'meimei2001@sina.com', '伽伽永远是我的偶像！！', '2001-10-02 13:41:18');
INSERT INTO `review` VALUES ('35', 'ISRC 7-900099-9-3', '小新', 'xinxin@163.com', '伽伽，伽伽，我们支持你~~~~~~！！', '2001-10-02 17:02:12');
INSERT INTO `review` VALUES ('36', 'ISBN 7-89999-685-6/TP*277', '张果容', 'zgr@sina.com', '  早就听说这本书了~！一直没有买到。。。\r\n\r\n  今天终于在这里看到了~！！太好啦~，马上订购一本！！！', '2001-10-02 18:57:37');

-- ----------------------------
-- Table structure for shipping
-- ----------------------------
DROP TABLE IF EXISTS `shipping`;
CREATE TABLE `shipping` (
  `id` int(11) NOT NULL AUTO_INCREMENT,
  `name` varchar(50) DEFAULT NULL,
  `fee` double DEFAULT NULL,
  PRIMARY KEY (`id`)
) ENGINE=InnoDB AUTO_INCREMENT=4 DEFAULT CHARSET=gb2312;

-- ----------------------------
-- Records of shipping
-- ----------------------------
INSERT INTO `shipping` VALUES ('1', '送货上门', '5');
INSERT INTO `shipping` VALUES ('2', 'EMS特快专递', '25');
INSERT INTO `shipping` VALUES ('3', '平邮包裹', '15');

-- ----------------------------
-- Table structure for subcategory
-- ----------------------------
DROP TABLE IF EXISTS `subcategory`;
CREATE TABLE `subcategory` (
  `id` int(11) NOT NULL AUTO_INCREMENT,
  `name` varchar(50) DEFAULT NULL,
  `description` varchar(200) DEFAULT NULL,
  `img` varchar(20) DEFAULT NULL,
  `categoryId` int(11) DEFAULT NULL,
  `style` varchar(50) DEFAULT NULL,
  PRIMARY KEY (`id`)
) ENGINE=InnoDB AUTO_INCREMENT=25 DEFAULT CHARSET=gb2312;

-- ----------------------------
-- Records of subcategory
-- ----------------------------
INSERT INTO `subcategory` VALUES ('1', '小说/传记', null, 'sub1.gif', '1', 'subcategory1.css');
INSERT INTO `subcategory` VALUES ('2', '计算机/网络', null, 'sub2.gif', '1', 'subcategory2.css');
INSERT INTO `subcategory` VALUES ('3', '漫画/幽默', null, 'sub3.gif', '1', 'subcategory3.css');
INSERT INTO `subcategory` VALUES ('4', '外语学习', null, 'sub4.gif', '1', 'subcategory4.css');
INSERT INTO `subcategory` VALUES ('5', '少儿读物', null, 'sub5.gif', '1', 'subcategory5.css');
INSERT INTO `subcategory` VALUES ('6', '经济/金融', null, 'sub6.gif', '1', 'subcategory6.css');
INSERT INTO `subcategory` VALUES ('7', '社会/科普', null, 'sub7.gif', '1', 'subcategory7.css');
INSERT INTO `subcategory` VALUES ('8', '政治/法律', null, 'sub8.gif', '1', 'subcategory8.css');
INSERT INTO `subcategory` VALUES ('9', '奥斯卡经典', null, 'sub9.gif', '2', 'subcategory9.css');
INSERT INTO `subcategory` VALUES ('10', '国产影视', null, 'sub10.gif', '2', 'subcategory10.css');
INSERT INTO `subcategory` VALUES ('11', '港台碟报', null, 'sub11.gif', '2', 'subcategory11.css');
INSERT INTO `subcategory` VALUES ('12', '欧美大片', null, 'sub12.gif', '2', 'subcategory12.css');
INSERT INTO `subcategory` VALUES ('13', '日韩潮流', null, 'sub13.gif', '2', 'subcategory13.css');
INSERT INTO `subcategory` VALUES ('14', '卡通动画', null, 'sub14.gif', '2', 'subcategory14.css');
INSERT INTO `subcategory` VALUES ('15', '电视剧集', null, 'sub15.gif', '2', 'subcategory15.css');
INSERT INTO `subcategory` VALUES ('16', '浪漫爱情', null, 'sub16.gif', '2', 'subcategory16.css');
INSERT INTO `subcategory` VALUES ('17', '华语男歌手', null, 'sub17.gif', '3', 'subcategory17.css');
INSERT INTO `subcategory` VALUES ('18', '华语女歌手', null, 'sub18.gif', '3', 'subcategory18.css');
INSERT INTO `subcategory` VALUES ('19', '欧美男歌手', null, 'sub19.gif', '3', 'subcategory19.css');
INSERT INTO `subcategory` VALUES ('20', '欧美女歌手', null, 'sub20.gif', '3', 'subcategory20.css');
INSERT INTO `subcategory` VALUES ('21', '经典珍藏', null, 'sub21.gif', '3', 'subcategory21.css');
INSERT INTO `subcategory` VALUES ('22', '古典极品', null, 'sub22.gif', '3', 'subcategory22.css');
INSERT INTO `subcategory` VALUES ('23', 'MP3宝典', null, 'sub23.gif', '3', 'subcategory23.css');
INSERT INTO `subcategory` VALUES ('24', 'MTV音乐电视', null, 'sub24.gif', '3', 'subcategory24.css');
